ClassList,$
Class,ClassList
OptionalInheritance,LlaveAbre
MemberList,LlaveCierra
Member,MemberList
AttributeMethod,Member
OptionalStatic,void
OptionalStatic,idClase
OptionalStatic,boolean
OptionalStatic,char
OptionalStatic,int
Constructor,Member
MemberType,idMetVar
Type,MemberType
PrimitiveType,Type
FormalArguments,LlaveAbre
OptionalFormalArgumentList,ParentesisCierra
FormalArgumentList,OptionalFormalArgumentList
StopOrContinue,FormalArgumentList
FormalArgument,Coma
FormalArgument,FormalArgumentList
Block,LlaveCierra
SentenceList,LlaveCierra
Sentence,SentenceList
AssigmentOrCall,PuntoYComa
LocalVar,PuntoYComa
Return,PuntoYComa
Break,PuntoYComa
If,LlaveCierra
Else,LlaveCierra
While,LlaveCierra
Switch,LlaveCierra
SwitchSentenceList,LlaveCierra
SwitchSentence,LlaveCierra
OptionalExpression,PuntoYComa
Expression,PuntoYComa
Expression,ParentesisCierra
Expression,Coma
AssignmentOrStop,PuntoYComa
AssignmentOrStop,ParentesisCierra
AssignOperator,Mas
AssignOperator,Menos
AssignOperator,pr_true
AssignOperator,pr_false
AssignOperator,intLiteral
AssignOperator,charLiteral
AssignOperator,pr_null
AssignOperator,stringLiteral
AssignOperator,pr_this
AssignOperator,idMetVar
AssignOperator,pr_new
AssignOperator,ParentesisAbre
AssignOperator,idClase
ComposedExpression,PuntoYComa
BasicExpression,PuntoYComa
BasicExpression,ParentesisCierra
BinaryOperator,Mas
BinaryOperator,Menos
BinaryOperator,Not
BinaryOperator,pr_true
BinaryOperator,pr_false
BinaryOperator,intLiteral
BinaryOperator,charLiteral
BinaryOperator,pr_null
BinaryOperator,stringLiteral
BinaryOperator,pr_this
BinaryOperator,idMetVar
BinaryOperator,pr_new
BinaryOperator,ParentesisAbre
BinaryOperator,idClase
MayorOIgual,Mas
MayorOIgual,Menos
MayorOIgual,Not
MayorOIgual,pr_true
MayorOIgual,pr_false
MayorOIgual,intLiteral
MayorOIgual,charLiteral
MayorOIgual,pr_null
MayorOIgual,stringLiteral
MayorOIgual,pr_this
MayorOIgual,idMetVar
MayorOIgual,pr_new
MayorOIgual,ParentesisAbre
MayorOIgual,idClase
MenorOIgual,Mas
MenorOIgual,Menos
MenorOIgual,Not
MenorOIgual,pr_true
MenorOIgual,pr_false
MenorOIgual,intLiteral
MenorOIgual,charLiteral
MenorOIgual,pr_null
MenorOIgual,stringLiteral
MenorOIgual,pr_this
MenorOIgual,idMetVar
MenorOIgual,pr_new
MenorOIgual,ParentesisAbre
MenorOIgual,idClase

